[
    {
        "id" : 1,
        "name" : "APP 1",
        "category" : "APP",
        "pic" : "app1.jpg"
    },
    {
        "id" : 2,
        "name" : "WEB 3",
        "category" : "WEB",
        "pic" : "web3.jpg"
    },{
        "id" : 3,
        "name" : "App 2",
        "category" : "APP",
        "pic" : "app2.jpg"
    },{
        "id" : 4,
        "name" : "Card 2",
        "category" : "CARD",
        "pic" : "card2.jpg"
    },{
        "id" : 5,
        "name" : "Web 2",
        "category" : "WEB",
        "pic" : "web2.jpg"
    },{
        "id" : 6,
        "name" : "APP 3",
        "category" : "APP",
        "pic" : "app3.jpg"
    },
    {
        "id" : 7,
        "name" : "Card 1",
        "category" : "CARD",
        "pic" : "card1.jpg"
    },
    {
        "id" : 8,
        "name" : "Card 3",
        "category" : "CARD",
        "pic" : "card3.jpg"
    },
    {
        "id" : 9,
        "name" : "Web 1",
        "category" : "WEB",
        "pic" : "web1.jpg"
    }
]