[
    {
        "id" : 1,
        "name" : "Walter White",
        "title" :"Cheif Executive officer",
        "pic" : "team-1.jpg"
    },
    {
        "id" : 2,
        "name" : "Sarah Jhonson",
        "title" :"Product Manager",
        "pic" : "team-2.jpg"
    },
    {
        "id" : 3,
        "name" : "William Anderson",
        "title" :"CTO",
        "pic" : "team-3.jpg"
    },
    {
        "id" : 4,
        "name" : "Amanda Jepson",
        "title" :"Accountant",
        "pic" : "team-4.jpg"
    }
]